feature,importance
absences,0.19038564304351308
failures,0.14517456098192794
health,0.05222302499953676
goout,0.05171402097343744
age,0.041352453633566925
studytime,0.03303746566031241
freetime,0.03270838534362648
traveltime,0.03201128823691976
Walc,0.027679503261880577
famrel,0.027217177578063873
Medu,0.02642460954542747
Fedu,0.026229795100037517
schoolsup_yes,0.025695101528915854
romantic_yes,0.022424397885319934
higher_yes,0.019328103022562482
Mjob_services,0.018846744518046896
guardian_other,0.016337604128102718
sex_M,0.016180316596980025
internet_yes,0.013701468099609452
activities_yes,0.013280813619833545
famsup_yes,0.01306518831139378
Dalc,0.01264718447573432
Fjob_teacher,0.011648482773451192
paid_yes,0.01113298412285193
reason_home,0.010932215735765433
famsize_LE3,0.010873195363793678
Pstatus_T,0.010310735317874908
reason_reputation,0.010304719337561384
nursery_yes,0.009699530531423313
school_MS,0.009338042897244976
guardian_mother,0.008664693179082536
Mjob_other,0.008367079095437418
Mjob_health,0.007943186909152498
address_U,0.007517037278186751
Fjob_other,0.0073658368083570295
Fjob_services,0.007003629796865988
reason_other,0.005018331760652163
Mjob_teacher,0.0046372684209580895
Fjob_health,0.0015781801265913548
